{
  "model_type": "IsolationForest",
  "training_date": "2025-11-10T15:00:11.909792",
  "n_samples_train": 170883,
  "n_features": 30,
  "optimal_threshold": 0.1283677473843028,
  "contamination_rate": 0.0017263273701889597,
  "test_metrics": {
    "precision": 0.06611570247933884,
    "recall": 0.8163265306122449,
    "f1_score": 0.12232415902140673,
    "roc_auc": 0.9529478856821288,
    "pr_auc": 0.19749203017862663
  },
  "model_parameters": {
    "bootstrap": false,
    "contamination": 0.0017263273701889597,
    "max_features": 1.0,
    "max_samples": "auto",
    "n_estimators": 100,
    "n_jobs": -1,
    "random_state": 42,
    "verbose": 1,
    "warm_start": false
  }
}